<?xml version="1.0" encoding="UTF-8"?>
<project-private xmlns="http://www.netbeans.org/ns/project-private/1">
    <editor-bookmarks xmlns="http://www.netbeans.org/ns/editor-bookmarks/2" lastBookmarkId="0"/>
    <open-files xmlns="http://www.netbeans.org/ns/projectui-open-files/2">
        <group>
            <file>file:/media/levy/dades3/DAW/M3/UF5/UF5-Project/LevyRamonMartiUF5Project/src/controler/MainController.java</file>
            <file>file:/media/levy/dades3/DAW/M3/UF5/UF5-Project/LevyRamonMartiUF5Project/src/Main/Main.java</file>
        </group>
    </open-files>
</project-private>
